,Sno,Values
0,1,https://trends.google.com/trends/explore?date=2023-12-01T00%202023-12-01T04&geo=IN&q=amazon&hl=en
1,2,https://trends.google.com/trends/explore?date=2023-12-01T03%202023-12-01T07&geo=IN&q=amazon&hl=en
2,3,https://trends.google.com/trends/explore?date=2023-12-01T06%202023-12-01T10&geo=IN&q=amazon&hl=en
3,4,https://trends.google.com/trends/explore?date=2023-12-01T09%202023-12-01T13&geo=IN&q=amazon&hl=en
4,5,https://trends.google.com/trends/explore?date=2023-12-01T12%202023-12-01T16&geo=IN&q=amazon&hl=en
5,6,https://trends.google.com/trends/explore?date=2023-12-01T15%202023-12-01T19&geo=IN&q=amazon&hl=en
6,7,https://trends.google.com/trends/explore?date=2023-12-01T18%202023-12-01T22&geo=IN&q=amazon&hl=en
7,8,https://trends.google.com/trends/explore?date=2023-12-01T21%202023-12-02T01&geo=IN&q=amazon&hl=en
8,9,https://trends.google.com/trends/explore?date=2023-12-02T00%202023-12-02T04&geo=IN&q=amazon&hl=en
9,10,https://trends.google.com/trends/explore?date=2023-12-02T03%202023-12-02T07&geo=IN&q=amazon&hl=en
10,11,https://trends.google.com/trends/explore?date=2023-12-02T06%202023-12-02T10&geo=IN&q=amazon&hl=en
11,12,https://trends.google.com/trends/explore?date=2023-12-02T09%202023-12-02T13&geo=IN&q=amazon&hl=en
12,13,https://trends.google.com/trends/explore?date=2023-12-02T12%202023-12-02T16&geo=IN&q=amazon&hl=en
13,14,https://trends.google.com/trends/explore?date=2023-12-02T15%202023-12-02T19&geo=IN&q=amazon&hl=en
14,15,https://trends.google.com/trends/explore?date=2023-12-02T18%202023-12-02T22&geo=IN&q=amazon&hl=en
15,16,https://trends.google.com/trends/explore?date=2023-12-02T21%202023-12-03T01&geo=IN&q=amazon&hl=en
16,17,https://trends.google.com/trends/explore?date=2023-12-03T00%202023-12-03T04&geo=IN&q=amazon&hl=en
17,18,https://trends.google.com/trends/explore?date=2023-12-03T03%202023-12-03T07&geo=IN&q=amazon&hl=en
18,19,https://trends.google.com/trends/explore?date=2023-12-03T06%202023-12-03T10&geo=IN&q=amazon&hl=en
19,20,https://trends.google.com/trends/explore?date=2023-12-03T09%202023-12-03T13&geo=IN&q=amazon&hl=en
20,21,https://trends.google.com/trends/explore?date=2023-12-03T12%202023-12-03T16&geo=IN&q=amazon&hl=en
21,22,https://trends.google.com/trends/explore?date=2023-12-03T15%202023-12-03T19&geo=IN&q=amazon&hl=en
22,23,https://trends.google.com/trends/explore?date=2023-12-03T18%202023-12-03T22&geo=IN&q=amazon&hl=en
23,24,https://trends.google.com/trends/explore?date=2023-12-03T21%202023-12-04T01&geo=IN&q=amazon&hl=en
24,25,https://trends.google.com/trends/explore?date=2023-12-04T00%202023-12-04T04&geo=IN&q=amazon&hl=en
25,26,https://trends.google.com/trends/explore?date=2023-12-04T03%202023-12-04T07&geo=IN&q=amazon&hl=en
26,27,https://trends.google.com/trends/explore?date=2023-12-04T06%202023-12-04T10&geo=IN&q=amazon&hl=en
27,28,https://trends.google.com/trends/explore?date=2023-12-04T09%202023-12-04T13&geo=IN&q=amazon&hl=en
28,29,https://trends.google.com/trends/explore?date=2023-12-04T12%202023-12-04T16&geo=IN&q=amazon&hl=en
29,30,https://trends.google.com/trends/explore?date=2023-12-04T15%202023-12-04T19&geo=IN&q=amazon&hl=en
30,31,https://trends.google.com/trends/explore?date=2023-12-04T18%202023-12-04T22&geo=IN&q=amazon&hl=en
31,32,https://trends.google.com/trends/explore?date=2023-12-04T21%202023-12-05T01&geo=IN&q=amazon&hl=en
32,33,https://trends.google.com/trends/explore?date=2023-12-05T00%202023-12-05T04&geo=IN&q=amazon&hl=en
33,34,https://trends.google.com/trends/explore?date=2023-12-05T03%202023-12-05T07&geo=IN&q=amazon&hl=en
34,35,https://trends.google.com/trends/explore?date=2023-12-05T06%202023-12-05T10&geo=IN&q=amazon&hl=en
35,36,https://trends.google.com/trends/explore?date=2023-12-05T09%202023-12-05T13&geo=IN&q=amazon&hl=en
36,37,https://trends.google.com/trends/explore?date=2023-12-05T12%202023-12-05T16&geo=IN&q=amazon&hl=en
37,38,https://trends.google.com/trends/explore?date=2023-12-05T15%202023-12-05T19&geo=IN&q=amazon&hl=en
38,39,https://trends.google.com/trends/explore?date=2023-12-05T18%202023-12-05T22&geo=IN&q=amazon&hl=en
39,40,https://trends.google.com/trends/explore?date=2023-12-05T21%202023-12-06T01&geo=IN&q=amazon&hl=en
40,41,https://trends.google.com/trends/explore?date=2023-12-06T00%202023-12-06T04&geo=IN&q=amazon&hl=en
41,42,https://trends.google.com/trends/explore?date=2023-12-06T03%202023-12-06T07&geo=IN&q=amazon&hl=en
42,43,https://trends.google.com/trends/explore?date=2023-12-06T06%202023-12-06T10&geo=IN&q=amazon&hl=en
43,44,https://trends.google.com/trends/explore?date=2023-12-06T09%202023-12-06T13&geo=IN&q=amazon&hl=en
44,45,https://trends.google.com/trends/explore?date=2023-12-06T12%202023-12-06T16&geo=IN&q=amazon&hl=en
45,46,https://trends.google.com/trends/explore?date=2023-12-06T15%202023-12-06T19&geo=IN&q=amazon&hl=en
46,47,https://trends.google.com/trends/explore?date=2023-12-06T18%202023-12-06T22&geo=IN&q=amazon&hl=en
47,48,https://trends.google.com/trends/explore?date=2023-12-06T21%202023-12-07T01&geo=IN&q=amazon&hl=en
48,49,https://trends.google.com/trends/explore?date=2023-12-07T00%202023-12-07T04&geo=IN&q=amazon&hl=en
49,50,https://trends.google.com/trends/explore?date=2023-12-07T03%202023-12-07T07&geo=IN&q=amazon&hl=en
50,51,https://trends.google.com/trends/explore?date=2023-12-07T06%202023-12-07T10&geo=IN&q=amazon&hl=en
51,52,https://trends.google.com/trends/explore?date=2023-12-07T09%202023-12-07T13&geo=IN&q=amazon&hl=en
52,53,https://trends.google.com/trends/explore?date=2023-12-07T12%202023-12-07T16&geo=IN&q=amazon&hl=en
53,54,https://trends.google.com/trends/explore?date=2023-12-07T15%202023-12-07T19&geo=IN&q=amazon&hl=en
54,55,https://trends.google.com/trends/explore?date=2023-12-07T18%202023-12-07T22&geo=IN&q=amazon&hl=en
55,56,https://trends.google.com/trends/explore?date=2023-12-07T21%202023-12-08T01&geo=IN&q=amazon&hl=en
56,57,https://trends.google.com/trends/explore?date=2023-12-08T00%202023-12-08T04&geo=IN&q=amazon&hl=en
57,58,https://trends.google.com/trends/explore?date=2023-12-08T03%202023-12-08T07&geo=IN&q=amazon&hl=en
58,59,https://trends.google.com/trends/explore?date=2023-12-08T06%202023-12-08T10&geo=IN&q=amazon&hl=en
59,60,https://trends.google.com/trends/explore?date=2023-12-08T09%202023-12-08T13&geo=IN&q=amazon&hl=en
60,61,https://trends.google.com/trends/explore?date=2023-12-08T12%202023-12-08T16&geo=IN&q=amazon&hl=en
61,62,https://trends.google.com/trends/explore?date=2023-12-08T15%202023-12-08T19&geo=IN&q=amazon&hl=en
62,63,https://trends.google.com/trends/explore?date=2023-12-08T18%202023-12-08T22&geo=IN&q=amazon&hl=en
63,64,https://trends.google.com/trends/explore?date=2023-12-08T21%202023-12-09T01&geo=IN&q=amazon&hl=en
64,65,https://trends.google.com/trends/explore?date=2023-12-09T00%202023-12-09T04&geo=IN&q=amazon&hl=en
65,66,https://trends.google.com/trends/explore?date=2023-12-09T03%202023-12-09T07&geo=IN&q=amazon&hl=en
66,67,https://trends.google.com/trends/explore?date=2023-12-09T06%202023-12-09T10&geo=IN&q=amazon&hl=en
67,68,https://trends.google.com/trends/explore?date=2023-12-09T09%202023-12-09T13&geo=IN&q=amazon&hl=en
68,69,https://trends.google.com/trends/explore?date=2023-12-09T12%202023-12-09T16&geo=IN&q=amazon&hl=en
69,70,https://trends.google.com/trends/explore?date=2023-12-09T15%202023-12-09T19&geo=IN&q=amazon&hl=en
70,71,https://trends.google.com/trends/explore?date=2023-12-09T18%202023-12-09T22&geo=IN&q=amazon&hl=en
71,72,https://trends.google.com/trends/explore?date=2023-12-09T21%202023-12-10T01&geo=IN&q=amazon&hl=en
72,73,https://trends.google.com/trends/explore?date=2023-12-10T00%202023-12-10T04&geo=IN&q=amazon&hl=en
73,74,https://trends.google.com/trends/explore?date=2023-12-10T03%202023-12-10T07&geo=IN&q=amazon&hl=en
74,75,https://trends.google.com/trends/explore?date=2023-12-10T06%202023-12-10T10&geo=IN&q=amazon&hl=en
75,76,https://trends.google.com/trends/explore?date=2023-12-10T09%202023-12-10T13&geo=IN&q=amazon&hl=en
76,77,https://trends.google.com/trends/explore?date=2023-12-10T12%202023-12-10T16&geo=IN&q=amazon&hl=en
77,78,https://trends.google.com/trends/explore?date=2023-12-10T15%202023-12-10T19&geo=IN&q=amazon&hl=en
78,79,https://trends.google.com/trends/explore?date=2023-12-10T18%202023-12-10T22&geo=IN&q=amazon&hl=en
79,80,https://trends.google.com/trends/explore?date=2023-12-10T21%202023-12-11T01&geo=IN&q=amazon&hl=en
80,81,https://trends.google.com/trends/explore?date=2023-12-11T00%202023-12-11T04&geo=IN&q=amazon&hl=en
81,82,https://trends.google.com/trends/explore?date=2023-12-11T03%202023-12-11T07&geo=IN&q=amazon&hl=en
82,83,https://trends.google.com/trends/explore?date=2023-12-11T06%202023-12-11T10&geo=IN&q=amazon&hl=en
83,84,https://trends.google.com/trends/explore?date=2023-12-11T09%202023-12-11T13&geo=IN&q=amazon&hl=en
84,85,https://trends.google.com/trends/explore?date=2023-12-11T12%202023-12-11T16&geo=IN&q=amazon&hl=en
85,86,https://trends.google.com/trends/explore?date=2023-12-11T15%202023-12-11T19&geo=IN&q=amazon&hl=en
86,87,https://trends.google.com/trends/explore?date=2023-12-11T18%202023-12-11T22&geo=IN&q=amazon&hl=en
87,88,https://trends.google.com/trends/explore?date=2023-12-11T21%202023-12-12T01&geo=IN&q=amazon&hl=en
88,89,https://trends.google.com/trends/explore?date=2023-12-12T00%202023-12-12T04&geo=IN&q=amazon&hl=en
89,90,https://trends.google.com/trends/explore?date=2023-12-12T03%202023-12-12T07&geo=IN&q=amazon&hl=en
90,91,https://trends.google.com/trends/explore?date=2023-12-12T06%202023-12-12T10&geo=IN&q=amazon&hl=en
91,92,https://trends.google.com/trends/explore?date=2023-12-12T09%202023-12-12T13&geo=IN&q=amazon&hl=en
92,93,https://trends.google.com/trends/explore?date=2023-12-12T12%202023-12-12T16&geo=IN&q=amazon&hl=en
93,94,https://trends.google.com/trends/explore?date=2023-12-12T15%202023-12-12T19&geo=IN&q=amazon&hl=en
94,95,https://trends.google.com/trends/explore?date=2023-12-12T18%202023-12-12T22&geo=IN&q=amazon&hl=en
95,96,https://trends.google.com/trends/explore?date=2023-12-12T21%202023-12-13T01&geo=IN&q=amazon&hl=en
96,97,https://trends.google.com/trends/explore?date=2023-12-13T00%202023-12-13T04&geo=IN&q=amazon&hl=en
97,98,https://trends.google.com/trends/explore?date=2023-12-13T03%202023-12-13T07&geo=IN&q=amazon&hl=en
98,99,https://trends.google.com/trends/explore?date=2023-12-13T06%202023-12-13T10&geo=IN&q=amazon&hl=en
99,100,https://trends.google.com/trends/explore?date=2023-12-13T09%202023-12-13T13&geo=IN&q=amazon&hl=en
100,101,https://trends.google.com/trends/explore?date=2023-12-13T12%202023-12-13T16&geo=IN&q=amazon&hl=en
101,102,https://trends.google.com/trends/explore?date=2023-12-13T15%202023-12-13T19&geo=IN&q=amazon&hl=en
102,103,https://trends.google.com/trends/explore?date=2023-12-13T18%202023-12-13T22&geo=IN&q=amazon&hl=en
103,104,https://trends.google.com/trends/explore?date=2023-12-13T21%202023-12-14T01&geo=IN&q=amazon&hl=en
104,105,https://trends.google.com/trends/explore?date=2023-12-14T00%202023-12-14T04&geo=IN&q=amazon&hl=en
105,106,https://trends.google.com/trends/explore?date=2023-12-14T03%202023-12-14T07&geo=IN&q=amazon&hl=en
106,107,https://trends.google.com/trends/explore?date=2023-12-14T06%202023-12-14T10&geo=IN&q=amazon&hl=en
107,108,https://trends.google.com/trends/explore?date=2023-12-14T09%202023-12-14T13&geo=IN&q=amazon&hl=en
108,109,https://trends.google.com/trends/explore?date=2023-12-14T12%202023-12-14T16&geo=IN&q=amazon&hl=en
109,110,https://trends.google.com/trends/explore?date=2023-12-14T15%202023-12-14T19&geo=IN&q=amazon&hl=en
110,111,https://trends.google.com/trends/explore?date=2023-12-14T18%202023-12-14T22&geo=IN&q=amazon&hl=en
111,112,https://trends.google.com/trends/explore?date=2023-12-14T21%202023-12-15T01&geo=IN&q=amazon&hl=en
112,113,https://trends.google.com/trends/explore?date=2023-12-15T00%202023-12-15T04&geo=IN&q=amazon&hl=en
113,114,https://trends.google.com/trends/explore?date=2023-12-15T03%202023-12-15T07&geo=IN&q=amazon&hl=en
114,115,https://trends.google.com/trends/explore?date=2023-12-15T06%202023-12-15T10&geo=IN&q=amazon&hl=en
115,116,https://trends.google.com/trends/explore?date=2023-12-15T09%202023-12-15T13&geo=IN&q=amazon&hl=en
116,117,https://trends.google.com/trends/explore?date=2023-12-15T12%202023-12-15T16&geo=IN&q=amazon&hl=en
117,118,https://trends.google.com/trends/explore?date=2023-12-15T15%202023-12-15T19&geo=IN&q=amazon&hl=en
118,119,https://trends.google.com/trends/explore?date=2023-12-15T18%202023-12-15T22&geo=IN&q=amazon&hl=en
119,120,https://trends.google.com/trends/explore?date=2023-12-15T21%202023-12-16T01&geo=IN&q=amazon&hl=en
120,121,https://trends.google.com/trends/explore?date=2023-12-16T00%202023-12-16T04&geo=IN&q=amazon&hl=en
121,122,https://trends.google.com/trends/explore?date=2023-12-16T03%202023-12-16T07&geo=IN&q=amazon&hl=en
122,123,https://trends.google.com/trends/explore?date=2023-12-16T06%202023-12-16T10&geo=IN&q=amazon&hl=en
123,124,https://trends.google.com/trends/explore?date=2023-12-16T09%202023-12-16T13&geo=IN&q=amazon&hl=en
124,125,https://trends.google.com/trends/explore?date=2023-12-16T12%202023-12-16T16&geo=IN&q=amazon&hl=en
125,126,https://trends.google.com/trends/explore?date=2023-12-16T15%202023-12-16T19&geo=IN&q=amazon&hl=en
126,127,https://trends.google.com/trends/explore?date=2023-12-16T18%202023-12-16T22&geo=IN&q=amazon&hl=en
127,128,https://trends.google.com/trends/explore?date=2023-12-16T21%202023-12-17T01&geo=IN&q=amazon&hl=en
128,129,https://trends.google.com/trends/explore?date=2023-12-17T00%202023-12-17T04&geo=IN&q=amazon&hl=en
129,130,https://trends.google.com/trends/explore?date=2023-12-17T03%202023-12-17T07&geo=IN&q=amazon&hl=en
130,131,https://trends.google.com/trends/explore?date=2023-12-17T06%202023-12-17T10&geo=IN&q=amazon&hl=en
131,132,https://trends.google.com/trends/explore?date=2023-12-17T09%202023-12-17T13&geo=IN&q=amazon&hl=en
132,133,https://trends.google.com/trends/explore?date=2023-12-17T12%202023-12-17T16&geo=IN&q=amazon&hl=en
133,134,https://trends.google.com/trends/explore?date=2023-12-17T15%202023-12-17T19&geo=IN&q=amazon&hl=en
134,135,https://trends.google.com/trends/explore?date=2023-12-17T18%202023-12-17T22&geo=IN&q=amazon&hl=en
135,136,https://trends.google.com/trends/explore?date=2023-12-17T21%202023-12-18T01&geo=IN&q=amazon&hl=en
136,137,https://trends.google.com/trends/explore?date=2023-12-18T00%202023-12-18T04&geo=IN&q=amazon&hl=en
137,138,https://trends.google.com/trends/explore?date=2023-12-18T03%202023-12-18T07&geo=IN&q=amazon&hl=en
138,139,https://trends.google.com/trends/explore?date=2023-12-18T06%202023-12-18T10&geo=IN&q=amazon&hl=en
139,140,https://trends.google.com/trends/explore?date=2023-12-18T09%202023-12-18T13&geo=IN&q=amazon&hl=en
140,141,https://trends.google.com/trends/explore?date=2023-12-18T12%202023-12-18T16&geo=IN&q=amazon&hl=en
141,142,https://trends.google.com/trends/explore?date=2023-12-18T15%202023-12-18T19&geo=IN&q=amazon&hl=en
142,143,https://trends.google.com/trends/explore?date=2023-12-18T18%202023-12-18T22&geo=IN&q=amazon&hl=en
143,144,https://trends.google.com/trends/explore?date=2023-12-18T21%202023-12-19T01&geo=IN&q=amazon&hl=en
144,145,https://trends.google.com/trends/explore?date=2023-12-19T00%202023-12-19T04&geo=IN&q=amazon&hl=en
145,146,https://trends.google.com/trends/explore?date=2023-12-19T03%202023-12-19T07&geo=IN&q=amazon&hl=en
146,147,https://trends.google.com/trends/explore?date=2023-12-19T06%202023-12-19T10&geo=IN&q=amazon&hl=en
147,148,https://trends.google.com/trends/explore?date=2023-12-19T09%202023-12-19T13&geo=IN&q=amazon&hl=en
148,149,https://trends.google.com/trends/explore?date=2023-12-19T12%202023-12-19T16&geo=IN&q=amazon&hl=en
149,150,https://trends.google.com/trends/explore?date=2023-12-19T15%202023-12-19T19&geo=IN&q=amazon&hl=en
150,151,https://trends.google.com/trends/explore?date=2023-12-19T18%202023-12-19T22&geo=IN&q=amazon&hl=en
151,152,https://trends.google.com/trends/explore?date=2023-12-19T21%202023-12-20T01&geo=IN&q=amazon&hl=en
152,153,https://trends.google.com/trends/explore?date=2023-12-20T00%202023-12-20T04&geo=IN&q=amazon&hl=en
153,154,https://trends.google.com/trends/explore?date=2023-12-20T03%202023-12-20T07&geo=IN&q=amazon&hl=en
154,155,https://trends.google.com/trends/explore?date=2023-12-20T06%202023-12-20T10&geo=IN&q=amazon&hl=en
155,156,https://trends.google.com/trends/explore?date=2023-12-20T09%202023-12-20T13&geo=IN&q=amazon&hl=en
156,157,https://trends.google.com/trends/explore?date=2023-12-20T12%202023-12-20T16&geo=IN&q=amazon&hl=en
157,158,https://trends.google.com/trends/explore?date=2023-12-20T15%202023-12-20T19&geo=IN&q=amazon&hl=en
158,159,https://trends.google.com/trends/explore?date=2023-12-20T18%202023-12-20T22&geo=IN&q=amazon&hl=en
159,160,https://trends.google.com/trends/explore?date=2023-12-20T21%202023-12-21T01&geo=IN&q=amazon&hl=en
160,161,https://trends.google.com/trends/explore?date=2023-12-21T00%202023-12-21T04&geo=IN&q=amazon&hl=en
161,162,https://trends.google.com/trends/explore?date=2023-12-21T03%202023-12-21T07&geo=IN&q=amazon&hl=en
162,163,https://trends.google.com/trends/explore?date=2023-12-21T06%202023-12-21T10&geo=IN&q=amazon&hl=en
163,164,https://trends.google.com/trends/explore?date=2023-12-21T09%202023-12-21T13&geo=IN&q=amazon&hl=en
164,165,https://trends.google.com/trends/explore?date=2023-12-21T12%202023-12-21T16&geo=IN&q=amazon&hl=en
165,166,https://trends.google.com/trends/explore?date=2023-12-21T15%202023-12-21T19&geo=IN&q=amazon&hl=en
166,167,https://trends.google.com/trends/explore?date=2023-12-21T18%202023-12-21T22&geo=IN&q=amazon&hl=en
167,168,https://trends.google.com/trends/explore?date=2023-12-21T21%202023-12-22T01&geo=IN&q=amazon&hl=en
168,169,https://trends.google.com/trends/explore?date=2023-12-22T00%202023-12-22T04&geo=IN&q=amazon&hl=en
169,170,https://trends.google.com/trends/explore?date=2023-12-22T03%202023-12-22T07&geo=IN&q=amazon&hl=en
170,171,https://trends.google.com/trends/explore?date=2023-12-22T06%202023-12-22T10&geo=IN&q=amazon&hl=en
171,172,https://trends.google.com/trends/explore?date=2023-12-22T09%202023-12-22T13&geo=IN&q=amazon&hl=en
172,173,https://trends.google.com/trends/explore?date=2023-12-22T12%202023-12-22T16&geo=IN&q=amazon&hl=en
173,174,https://trends.google.com/trends/explore?date=2023-12-22T15%202023-12-22T19&geo=IN&q=amazon&hl=en
174,175,https://trends.google.com/trends/explore?date=2023-12-22T18%202023-12-22T22&geo=IN&q=amazon&hl=en
175,176,https://trends.google.com/trends/explore?date=2023-12-22T21%202023-12-23T01&geo=IN&q=amazon&hl=en
176,177,https://trends.google.com/trends/explore?date=2023-12-23T00%202023-12-23T04&geo=IN&q=amazon&hl=en
177,178,https://trends.google.com/trends/explore?date=2023-12-23T03%202023-12-23T07&geo=IN&q=amazon&hl=en
178,179,https://trends.google.com/trends/explore?date=2023-12-23T06%202023-12-23T10&geo=IN&q=amazon&hl=en
179,180,https://trends.google.com/trends/explore?date=2023-12-23T09%202023-12-23T13&geo=IN&q=amazon&hl=en
180,181,https://trends.google.com/trends/explore?date=2023-12-23T12%202023-12-23T16&geo=IN&q=amazon&hl=en
181,182,https://trends.google.com/trends/explore?date=2023-12-23T15%202023-12-23T19&geo=IN&q=amazon&hl=en
182,183,https://trends.google.com/trends/explore?date=2023-12-23T18%202023-12-23T22&geo=IN&q=amazon&hl=en
183,184,https://trends.google.com/trends/explore?date=2023-12-23T21%202023-12-24T01&geo=IN&q=amazon&hl=en
184,185,https://trends.google.com/trends/explore?date=2023-12-24T00%202023-12-24T04&geo=IN&q=amazon&hl=en
185,186,https://trends.google.com/trends/explore?date=2023-12-24T03%202023-12-24T07&geo=IN&q=amazon&hl=en
186,187,https://trends.google.com/trends/explore?date=2023-12-24T06%202023-12-24T10&geo=IN&q=amazon&hl=en
187,188,https://trends.google.com/trends/explore?date=2023-12-24T09%202023-12-24T13&geo=IN&q=amazon&hl=en
188,189,https://trends.google.com/trends/explore?date=2023-12-24T12%202023-12-24T16&geo=IN&q=amazon&hl=en
189,190,https://trends.google.com/trends/explore?date=2023-12-24T15%202023-12-24T19&geo=IN&q=amazon&hl=en
190,191,https://trends.google.com/trends/explore?date=2023-12-24T18%202023-12-24T22&geo=IN&q=amazon&hl=en
191,192,https://trends.google.com/trends/explore?date=2023-12-24T21%202023-12-25T01&geo=IN&q=amazon&hl=en
192,193,https://trends.google.com/trends/explore?date=2023-12-25T00%202023-12-25T04&geo=IN&q=amazon&hl=en
193,194,https://trends.google.com/trends/explore?date=2023-12-25T03%202023-12-25T07&geo=IN&q=amazon&hl=en
194,195,https://trends.google.com/trends/explore?date=2023-12-25T06%202023-12-25T10&geo=IN&q=amazon&hl=en
195,196,https://trends.google.com/trends/explore?date=2023-12-25T09%202023-12-25T13&geo=IN&q=amazon&hl=en
196,197,https://trends.google.com/trends/explore?date=2023-12-25T12%202023-12-25T16&geo=IN&q=amazon&hl=en
197,198,https://trends.google.com/trends/explore?date=2023-12-25T15%202023-12-25T19&geo=IN&q=amazon&hl=en
198,199,https://trends.google.com/trends/explore?date=2023-12-25T18%202023-12-25T22&geo=IN&q=amazon&hl=en
199,200,https://trends.google.com/trends/explore?date=2023-12-25T21%202023-12-26T01&geo=IN&q=amazon&hl=en
200,201,https://trends.google.com/trends/explore?date=2023-12-26T00%202023-12-26T04&geo=IN&q=amazon&hl=en
201,202,https://trends.google.com/trends/explore?date=2023-12-26T03%202023-12-26T07&geo=IN&q=amazon&hl=en
202,203,https://trends.google.com/trends/explore?date=2023-12-26T06%202023-12-26T10&geo=IN&q=amazon&hl=en
203,204,https://trends.google.com/trends/explore?date=2023-12-26T09%202023-12-26T13&geo=IN&q=amazon&hl=en
204,205,https://trends.google.com/trends/explore?date=2023-12-26T12%202023-12-26T16&geo=IN&q=amazon&hl=en
205,206,https://trends.google.com/trends/explore?date=2023-12-26T15%202023-12-26T19&geo=IN&q=amazon&hl=en
206,207,https://trends.google.com/trends/explore?date=2023-12-26T18%202023-12-26T22&geo=IN&q=amazon&hl=en
207,208,https://trends.google.com/trends/explore?date=2023-12-26T21%202023-12-27T01&geo=IN&q=amazon&hl=en
208,209,https://trends.google.com/trends/explore?date=2023-12-27T00%202023-12-27T04&geo=IN&q=amazon&hl=en
209,210,https://trends.google.com/trends/explore?date=2023-12-27T03%202023-12-27T07&geo=IN&q=amazon&hl=en
210,211,https://trends.google.com/trends/explore?date=2023-12-27T06%202023-12-27T10&geo=IN&q=amazon&hl=en
211,212,https://trends.google.com/trends/explore?date=2023-12-27T09%202023-12-27T13&geo=IN&q=amazon&hl=en
212,213,https://trends.google.com/trends/explore?date=2023-12-27T12%202023-12-27T16&geo=IN&q=amazon&hl=en
213,214,https://trends.google.com/trends/explore?date=2023-12-27T15%202023-12-27T19&geo=IN&q=amazon&hl=en
214,215,https://trends.google.com/trends/explore?date=2023-12-27T18%202023-12-27T22&geo=IN&q=amazon&hl=en
215,216,https://trends.google.com/trends/explore?date=2023-12-27T21%202023-12-28T01&geo=IN&q=amazon&hl=en
216,217,https://trends.google.com/trends/explore?date=2023-12-28T00%202023-12-28T04&geo=IN&q=amazon&hl=en
217,218,https://trends.google.com/trends/explore?date=2023-12-28T03%202023-12-28T07&geo=IN&q=amazon&hl=en
218,219,https://trends.google.com/trends/explore?date=2023-12-28T06%202023-12-28T10&geo=IN&q=amazon&hl=en
219,220,https://trends.google.com/trends/explore?date=2023-12-28T09%202023-12-28T13&geo=IN&q=amazon&hl=en
220,221,https://trends.google.com/trends/explore?date=2023-12-28T12%202023-12-28T16&geo=IN&q=amazon&hl=en
221,222,https://trends.google.com/trends/explore?date=2023-12-28T15%202023-12-28T19&geo=IN&q=amazon&hl=en
222,223,https://trends.google.com/trends/explore?date=2023-12-28T18%202023-12-28T22&geo=IN&q=amazon&hl=en
223,224,https://trends.google.com/trends/explore?date=2023-12-28T21%202023-12-29T01&geo=IN&q=amazon&hl=en
224,225,https://trends.google.com/trends/explore?date=2023-12-29T00%202023-12-29T04&geo=IN&q=amazon&hl=en
225,226,https://trends.google.com/trends/explore?date=2023-12-29T03%202023-12-29T07&geo=IN&q=amazon&hl=en
226,227,https://trends.google.com/trends/explore?date=2023-12-29T06%202023-12-29T10&geo=IN&q=amazon&hl=en
227,228,https://trends.google.com/trends/explore?date=2023-12-29T09%202023-12-29T13&geo=IN&q=amazon&hl=en
228,229,https://trends.google.com/trends/explore?date=2023-12-29T12%202023-12-29T16&geo=IN&q=amazon&hl=en
229,230,https://trends.google.com/trends/explore?date=2023-12-29T15%202023-12-29T19&geo=IN&q=amazon&hl=en
230,231,https://trends.google.com/trends/explore?date=2023-12-29T18%202023-12-29T22&geo=IN&q=amazon&hl=en
231,232,https://trends.google.com/trends/explore?date=2023-12-29T21%202023-12-30T01&geo=IN&q=amazon&hl=en
232,233,https://trends.google.com/trends/explore?date=2023-12-30T00%202023-12-30T04&geo=IN&q=amazon&hl=en
233,234,https://trends.google.com/trends/explore?date=2023-12-30T03%202023-12-30T07&geo=IN&q=amazon&hl=en
234,235,https://trends.google.com/trends/explore?date=2023-12-30T06%202023-12-30T10&geo=IN&q=amazon&hl=en
235,236,https://trends.google.com/trends/explore?date=2023-12-30T09%202023-12-30T13&geo=IN&q=amazon&hl=en
236,237,https://trends.google.com/trends/explore?date=2023-12-30T12%202023-12-30T16&geo=IN&q=amazon&hl=en
237,238,https://trends.google.com/trends/explore?date=2023-12-30T15%202023-12-30T19&geo=IN&q=amazon&hl=en
238,239,https://trends.google.com/trends/explore?date=2023-12-30T18%202023-12-30T22&geo=IN&q=amazon&hl=en
239,240,https://trends.google.com/trends/explore?date=2023-12-30T21%202023-12-31T01&geo=IN&q=amazon&hl=en
240,241,https://trends.google.com/trends/explore?date=2023-12-31T00%202023-12-31T04&geo=IN&q=amazon&hl=en
241,242,https://trends.google.com/trends/explore?date=2023-12-31T03%202023-12-31T07&geo=IN&q=amazon&hl=en
242,243,https://trends.google.com/trends/explore?date=2023-12-31T06%202023-12-31T10&geo=IN&q=amazon&hl=en
243,244,https://trends.google.com/trends/explore?date=2023-12-31T09%202023-12-31T13&geo=IN&q=amazon&hl=en
244,245,https://trends.google.com/trends/explore?date=2023-12-31T12%202023-12-31T16&geo=IN&q=amazon&hl=en
245,246,https://trends.google.com/trends/explore?date=2023-12-31T15%202023-12-31T19&geo=IN&q=amazon&hl=en
246,247,https://trends.google.com/trends/explore?date=2023-12-31T18%202023-12-31T22&geo=IN&q=amazon&hl=en
